l2_province,l3_city,l3_city_id,longitude,latitude,,,,,,,,,
Bali,Badung,c442c866-1211-4b32-87c0-48e631790c40,115.2,-8.56667,,,,,,,,,
Bali,Bangli,35c87747-6d1f-4dfb-8ee2-1a799a121112,115.35,-8.26667,,,,,,,,,
Bali,Buleleng,d3c0066c-3cea-4a6b-bf65-788794852a30,114.95,-8.25,,,,,,,,,
Bali,Denpasar,0dc937ff-525e-476c-b070-37a1c22e7bca,115.21667,-8.66667,,,,,,,,,
Bali,Gianyar,86bc3a4c-3c4c-4b51-8468-aa50a5b938c6,115.28333,-8.48333,,,,,,,,,
Bali,Jembrana,47947f35-3d17-4f00-98bc-1878a0de29dd,114.68333,-8.31667,,,,,,,,,
Bali,Karang Asem,96e785c2-52d8-4bd3-b107-fa30892f8697,115.5393,-8.3891,,,,,,,,,
Bali,Klungkung,08d59cf7-d11b-4054-bcf5-d9e5c5ad7d85,115.41667,-8.55,,,,,,,,,
Bali,Tabanan,06ee3547-a050-4e5c-bf66-f4349dc1c4c3,115.08333,-8.43333,,,,,,,,,
Banten,Cilegon,d29adc29-80d5-4a35-ad22-edd3e4295d09,106.02917,-6,,,,,,,,,
Banten,Lebak,df82cede-77e1-4f12-bd7b-3b55d2cafb53,106.21667,-6.65,,,,,,,,,
Banten,Pandeglang,26592e50-4641-4d76-943e-bb0141a8e2cd,105.89167,-6.49861,,,,,,,,,
Banten,Serang,ba5a7c20-2d28-435b-b241-eb4ef06e33d8,106.14999,-6.12563,,,,,,,,,
Banten,Serang,cc9d6315-e377-4fa1-aa79-45d3eea6706a,105.96667,-6.15,,,,,,,,,
Banten,Tangerang,ae3c458e-5947-4833-8f1b-e001ce2fad1d,106.62991,-6.17944,,,,,,,,,
Banten,Tangerang,d305a80e-4891-45a4-8c5b-29c9242f431e,106.48333,-6.16667,,,,,,,,,
Banten,Tangerang Selatan,337f8da8-70d8-4916-9733-1cee8e4902e9,106.71244,-6.29373,,,,,,,,,
Bengkulu,Bengkulu,a81fcf88-e5b2-4f12-af50-117256edc91d,102.31667,-3.83333,,,,,,,,,
Bengkulu,Bengkulu Selatan,659b287f-c823-410b-bdd9-0310255132af,103.01667,-4.36667,,,,,,,,,
Bengkulu,Bengkulu Tengah,3863d4b7-8bc2-4753-9e61-1f80080e9472,102.39648,-3.67775,,,,,,,,,
Bengkulu,Bengkulu Utara,669ef7ae-e4d7-45c1-80d4-314a27203a2b,102,-3.23333,,,,,,,,,
Bengkulu,Kaur,05afba22-3a75-4128-8070-000a997c4f95,103.36109,-4.78179,,,,,,,,,
Bengkulu,Kepahiang,f9592927-039f-4cc4-ae35-3255dd744b8c,102.56424,-3.60194,,,,,,,,,
Bengkulu,Lebong,0c44cac9-7c0a-40aa-9607-7c5fc6efc522,102.3349,-3.24278,,,,,,,,,
Bengkulu,Mukomuko,4f9f9bc0-90c8-4dde-8503-ebc303c52bac,101.54766,-3.07438,,,,,,,,,
Bengkulu,Rejang Lebong,d4b4372b-596c-4f3c-9101-041d51902c5a,102.71667,-3.41667,,,,,,,,,
Bengkulu,Seluma,056d8c93-b14f-4114-8678-c1823dbb660e,102.47429,-3.96644,,,,,,,,,
DI Yogyakarta,Bantul,7e00299d-34f6-4312-ae06-ce9d4289680c,110.3625,-7.9,,,,,,,,,
DI Yogyakarta,Gunungkidul,ac50f403-fbb3-4e19-9a2a-72f8c1b3ccf6,110.6125,-7.99444,,,,,,,,,
DI Yogyakarta,Kulon Progo,fc4ab164-1f66-4c38-baeb-d242828ee80d,110.15133,-7.81256,,,,,,,,,
DI Yogyakarta,Sleman,43b7ade6-0205-419a-9f6e-455b116b4d8e,110.32333,-7.68167,,,,,,,,,
DI Yogyakarta,Yogyakarta,9857274b-b76f-4e43-ac9b-d2904ac8a372,110.375,-7.8,,,,,,,,,
DKI Jakarta,Jakarta Barat,af0ed74f-1b51-43cf-a14c-459996e39105,106.75,-6.16667,,,,,,,,,
DKI Jakarta,Jakarta Pusat,e2a615bb-0997-42c8-a018-c4a1768ae01f,106.83333,-6.18333,,,,,,,,,
DKI Jakarta,Jakarta Selatan,078b37b2-e791-4739-958e-c29192e5df3e,106.80833,-6.26667,,,,,,,,,
DKI Jakarta,Jakarta Timur,3d6ac5e8-f12d-40cd-823d-44597402ea3b,106.8875,-6.25,,,,,,,,,
DKI Jakarta,Jakarta Utara,ea61f4ac-5864-4b2b-a2c8-aa744a2aafea,106.90417,-6.13611,,,,,,,,,
DKI Jakarta,Kepulauan Seribu,ddd28ed9-d36c-48e1-aa74-de3006122569,106.52257,-5.80308,,,,,,,,,
Gorontalo,Boalemo,89ccc714-baef-47d2-a448-264626c15f9e,122.3568,0.62689,,,,,,,,,
Gorontalo,Bone Bolango,ee93f4a5-fec6-462c-92ea-7b7e33be8ec4,123.27501,0.50296,,,,,,,,,
Gorontalo,Gorontalo,1a1b6859-17c9-4b68-b29e-33951a62afc8,122.71591,0.70212,,,,,,,,,
Gorontalo,Gorontalo,d3313c88-8c03-40a3-af09-42af10770234,123.04312,0.5345,,,,,,,,,
Gorontalo,Gorontalo Utara,06244ef8-2c1e-4837-839c-da82fa243bd5,123.04891,0.86508,,,,,,,,,
Gorontalo,Pohuwato,dcaf8c54-01a7-4ef6-92a7-68a07620444e,121.59582,0.7098,,,,,,,,,
Jambi,Batang Hari,0410aa0d-e85a-4689-859d-0c2e10077615,103.1,-1.7,,,,,,,,,
Jambi,Bungo,118f56ab-b54f-49d6-b4c6-89b0b34114b3,101.96,-1.50222,,,,,,,,,
Jambi,Jambi,567f96a9-4468-4272-bd52-a410e97a27be,103.60028,-1.61694,,,,,,,,,
Jambi,Kerinci,cd05a3a8-423f-4efd-bdc1-231217520635,101.5,-2.01667,,,,,,,,,
Jambi,Merangin,fdb642ce-159f-4ca8-a798-0dd154801c94,102.13303,-2.06933,,,,,,,,,
Jambi,Muaro Jambi,4827b7aa-bfd9-4f6c-9c43-cd6430d1ff11,103.82163,-1.55214,,,,,,,,,
Jambi,Sarolangun,cf6d0618-501b-45b1-8cf9-2ea0bfb1ea25,102.73333,-2.26667,,,,,,,,,
Jambi,Sungai Penuh,47e3c2e1-5421-4832-8a33-f2e03f2c68b6,101.32175,-2.10896,,,,,,,,,
Jambi,Tanjung Jabung Barat,3599d0b7-7c43-45d3-b60a-2bacb1415f2f,103.24402,-1.1544,,,,,,,,,
Jambi,Tanjung Jabung Timur,389febfc-c50c-48cc-8ce0-4b1317b95b67,103.61755,-1.13198,,,,,,,,,
Jambi,Tebo,5b85a932-c792-4968-9833-45df9ec5219d,102.37473,-1.45576,,,,,,,,,
Jawa Barat,Bandung,86a3dc56-1bd7-4cd3-8225-d3e4b976e552,107.63333,-6.91667,,,,,,,,,
Jawa Barat,Bandung,c11f7fd1-6982-4bc6-8eef-36ca4909b663,107.61667,-7.1,,,,,,,,,
Jawa Barat,Bandung Barat,c76405bf-683a-4a1b-8014-7d8163294d86,107.48333,-6.83333,,,,,,,,,
Jawa Barat,Banjar,a50d7523-3312-426e-8e5a-205c81ca90a6,108.53209,-7.36996,,,,,,,,,
Jawa Barat,Bekasi,826664b3-1f31-497f-bc8a-a23699b1a531,107.15,-6.21611,,,,,,,,,
Jawa Barat,Bekasi,87c39cfb-0e3c-4edb-a7a0-754fb70cc587,106.98333,-6.26667,,,,,,,,,
Jawa Barat,Bogor,262b7d3c-2c51-4854-a7e8-6635e0657338,106.80111,-6.59,,,,,,,,,
Jawa Barat,Bogor,fbc373c5-cadc-4dd8-acb3-1e57850e2a08,106.71667,-6.55,,,,,,,,,
Jawa Barat,Ciamis,491bc345-d6b3-41d0-8707-dc179000af39,108.41667,-7.28333,,,,,,,,,
Jawa Barat,Cianjur,a26f8a8c-f8a6-4a4d-b448-39af6eff2d4c,107.08306,-6.7725,,,,,,,,,
Jawa Barat,Cimahi,89637124-13ea-4bd5-8e4d-1d9dfe41e37d,107.54167,-6.88333,,,,,,,,,
Jawa Barat,Cirebon,1f8698ee-09e3-4fdd-aa87-ce44ba300a68,108.55,-6.75,,,,,,,,,
Jawa Barat,Cirebon,a94ecde6-ae27-4849-be89-03384ed6086c,108.56667,-6.8,,,,,,,,,
Jawa Barat,Depok,f5817918-7ce1-436d-9478-c438b3466adb,106.81667,-6.39611,,,,,,,,,
Jawa Barat,Garut,b40a40dd-9cfa-41f2-907f-46dbf0aecbc1,107.78333,-7.41667,,,,,,,,,
Jawa Barat,Indramayu,90f3c906-bd96-4c58-9719-d4d212afe516,108.16667,-6.45,,,,,,,,,
Jawa Barat,Karawang,24bcf73f-36d1-4eff-a32c-ab43a9b7683e,107.41611,-6.24972,,,,,,,,,
Jawa Barat,Kuningan,bf16bdb5-90d0-4831-81a5-ad9cec6c94df,108.56667,-7,,,,,,,,,
Jawa Barat,Majalengka,79b5cd5d-9675-4cf1-8611-b73fefd2bcb9,108.28333,-6.81667,,,,,,,,,
Jawa Barat,Pangandaran,1044e459-d4ff-4534-8a5a-55f09005b983,108.64037,-7.6673,,,,,,,,,
Jawa Barat,Purwakarta,cad5917e-53f4-4f0d-a62f-a7c7b5d69765,107.43333,-6.6,,,,,,,,,
Jawa Barat,Subang,aec9204f-929c-4165-9cbc-aef4877ef448,107.7025,-6.50833,,,,,,,,,
Jawa Barat,Sukabumi,6b4a019d-36cf-45e7-bf90-65488ec76fad,106.74333,-7.07278,,,,,,,,,
Jawa Barat,Sukabumi,bed8133e-0ea6-45d0-9ce6-a04d2a42e59e,106.93333,-6.93333,,,,,,,,,
Jawa Barat,Sumedang,e0720aba-a134-4091-bf40-ce754846b23f,107.98333,-6.83333,,,,,,,,,
Jawa Barat,Tasikmalaya,387cd2f2-e3b0-4a22-aeae-111ce36e4864,108.22139,-7.35472,,,,,,,,,
Jawa Barat,Tasikmalaya,b094b559-57f7-44ba-b9a6-f9eb157bcbdf,108.15,-7.5,,,,,,,,,
Jawa Tengah,Banjarnegara,8b4940c1-cb74-4b02-915b-e08a024fec17,109.5875,-7.35111,,,,,,,,,
Jawa Tengah,Banyumas,c83795ec-8c10-45e7-90e0-8e1003488736,109.15,-7.43333,,,,,,,,,
Jawa Tengah,Batang,cd6bf080-5d35-46f8-8778-6bc1c58036d5,109.8675,-7.025,,,,,,,,,
Jawa Tengah,Blora,15f22273-0577-479e-a20a-912b6e30baec,111.41667,-7.08333,,,,,,,,,
Jawa Tengah,Boyolali,f8bb7ac9-9299-4481-9ded-2e5f2fa203c6,110.71667,-7.46667,,,,,,,,,
Jawa Tengah,Brebes,7edbc8a7-cbe1-47f1-a6e2-469e6c13d236,108.9,-7.05,,,,,,,,,
Jawa Tengah,Cilacap,02986a2e-84c5-498a-9db6-336146d227b7,108.98861,-7.57417,,,,,,,,,
Jawa Tengah,Demak,677f2aa7-cf0f-4b06-9094-96e820536f34,110.6122,-6.8993,,,,,,,,,
Jawa Tengah,Grobogan,a91cd33f-cccb-4674-8289-bd80db1cbfdd,110.91667,-7.13333,,,,,,,,,
Jawa Tengah,Jepara,7eab3dac-8d40-4fb4-ab25-7279b47203ba,110.78333,-6.6,,,,,,,,,
Jawa Tengah,Karanganyar,69f71465-0d6f-48e3-89f3-8358af68d5f5,111.0625,-7.62806,,,,,,,,,
Jawa Tengah,Kebumen,4ef6a1aa-6d35-45bc-b1a4-1b027c34ad84,109.66056,-7.63917,,,,,,,,,
Jawa Tengah,Kendal,a7a00b99-fe57-49e7-99e0-f40e43316e5a,110.1685,-7.0256,,,,,,,,,
Jawa Tengah,Klaten,3fe12bc8-ba47-4ce3-bad4-387b7d6d2470,110.63333,-7.68333,,,,,,,,,
Jawa Tengah,Kudus,848bdd2e-7a04-485a-8b1c-c74a2c8075d2,110.88333,-6.78333,,,,,,,,,
Jawa Tengah,Magelang,2caf7fde-61d9-417c-82fe-d8a606252e87,110.21667,-7.48333,,,,,,,,,
Jawa Tengah,Magelang,de51c5ec-7620-4e38-b785-2449aa095e19,110.16194,-7.4275,,,,,,,,,
Jawa Tengah,Pati,a3e3cde2-ba50-4fa3-a8b9-1558de57f42d,111.08333,-6.73333,,,,,,,,,
Jawa Tengah,Pekalongan,2b791c0b-93db-4e49-934d-9fd518936afc,109.67583,-6.89333,,,,,,,,,
Jawa Tengah,Pekalongan,b0209f5c-ebd5-4f81-92bd-d14401735d2b,109.624,-7.0319,,,,,,,,,
Jawa Tengah,Pemalang,2d4866e2-bf71-4295-9484-bb5c2aea69ee,109.38333,-7.05,,,,,,,,,
Jawa Tengah,Purbalingga,a4ac27fb-7125-4938-9ab7-8396c3bb4512,109.35028,-7.28417,,,,,,,,,
Jawa Tengah,Purworejo,4162f857-cecc-449f-88c2-97ce663653c4,109.96667,-7.7,,,,,,,,,
Jawa Tengah,Rembang,00a7136c-b523-4540-b787-2731efbf4dfc,111.46667,-6.78333,,,,,,,,,
Jawa Tengah,Salatiga,271c44a3-75bc-48a5-af0a-2425a934beb6,110.48333,-7.33278,,,,,,,,,
Jawa Tengah,Semarang,a9ff8f92-f835-47a5-b74b-4425bda9e092,110.385,-7.025,,,,,,,,,
Jawa Tengah,Semarang,d83cac16-5462-4893-8c91-a8bd84639d4c,110.44139,-7.20667,,,,,,,,,
Jawa Tengah,Sragen,6a7ed0cd-c2c6-407a-8c42-b49b9e0e31ca,110.935,-7.41278,,,,,,,,,
Jawa Tengah,Sukoharjo,9d9bf985-f496-4afe-9213-cb401b985ff5,110.86389,-7.67889,,,,,,,,,
Jawa Tengah,Surakarta,17c26ccc-5329-494c-b6ad-4b37a0c12fde,110.82333,-7.55806,,,,,,,,,
Jawa Tengah,Tegal,0e4def0c-3507-4ab3-b2b5-78b9ce92a34a,109.16667,-7.03333,,,,,,,,,
Jawa Tengah,Tegal,a5891954-798b-42cb-a02e-0be4c1ad4eec,109.1129,-6.8686,,,,,,,,,
Jawa Tengah,Temanggung,b16850e3-e7e1-4ca5-b191-241cfd6bc445,110.13333,-7.25,,,,,,,,,
Jawa Tengah,Wonogiri,7a0ea9d7-6ebf-410c-96ce-815dcbbd4047,111,-7.91667,,,,,,,,,
Jawa Tengah,Wonosobo,d045318e-0f19-4edb-9fc8-3077e2fa76d5,109.92667,-7.36139,,,,,,,,,
Jawa Timur,Bangkalan,7a75068f-8a49-4b79-8214-7d3443de7435,112.93333,-7.05,,,,,,,,,
Jawa Timur,Banyuwangi,510747f2-1189-4cb7-8e19-07925e545186,114.16667,-8.36667,,,,,,,,,
Jawa Timur,Batu,b18bda87-85a7-4f9e-96a9-a8dd19cfbb8e,112.53751,-7.83272,,,,,,,,,
Jawa Timur,Blitar,25131e20-b47f-487f-8de3-c6139e4c8a60,112.23333,-8.13333,,,,,,,,,
Jawa Timur,Blitar,e6568986-63ad-47c2-921a-7e17f334fa6a,112.16667,-8.1,,,,,,,,,
Jawa Timur,Bojonegoro,b64853f2-fdc5-40b9-91dc-cab4b6a8df0a,111.80972,-7.25556,,,,,,,,,
Jawa Timur,Bondowoso,2d40743b-9b8d-4d4f-a282-162942b50cc4,113.9834,-7.9404,,,,,,,,,
Jawa Timur,Gresik,1c0b4d54-562a-466a-a9d6-c609ac2eb4c3,112.553,-7.1933,,,,,,,,,
Jawa Timur,Jember,48f3dba8-0889-46d9-b11b-1cb6acfa4b94,113.66667,-8.23333,,,,,,,,,
Jawa Timur,Jombang,a6f922b3-b4ff-4afb-a0bd-d61dba8a3d7c,112.26667,-7.55,,,,,,,,,
Jawa Timur,Kediri,036ec39f-86aa-4840-9dad-4c6b9d9fb5c2,112.01667,-7.83333,,,,,,,,,
Jawa Timur,Kediri,65743f05-096b-4d6c-a990-b0210620a0f3,112.11667,-7.78333,,,,,,,,,
Jawa Timur,Lamongan,8af5007c-8c35-4446-9e82-cc2fed3d6f73,112.31667,-7.13333,,,,,,,,,
Jawa Timur,Lumajang,f7ac9156-2251-4bba-96fc-8c0560d51742,113.13333,-8.13333,,,,,,,,,
Jawa Timur,Madiun,047e48de-9e13-4356-8560-93e25caceb06,111.64556,-7.62417,,,,,,,,,
Jawa Timur,Madiun,3ad6c34a-50ae-4805-9630-9cb1af3af63a,111.52778,-7.62722,,,,,,,,,
Jawa Timur,Magetan,e72485af-115a-4376-89d0-1ece7bc0eda9,111.35917,-7.64472,,,,,,,,,
Jawa Timur,Malang,62fd1074-336e-4479-8425-b578fe3a03d0,112.66667,-8.2,,,,,,,,,
Jawa Timur,Malang,6ec28332-761a-4ee9-b0d8-52171a170edf,112.63333,-7.98333,,,,,,,,,
Jawa Timur,Mojokerto,dc8752a0-6680-48e6-9eb5-c29790ecc707,112.48333,-7.55,,,,,,,,,
Jawa Timur,Mojokerto,e415848f-f28a-4575-86b0-581adf9f67e4,112.43333,-7.46667,,,,,,,,,
Jawa Timur,Nganjuk,e3b27e26-d021-43dd-9515-7bf5220e50f2,111.95,-7.56667,,,,,,,,,
Jawa Timur,Ngawi,9bf80e18-9e87-404e-ab79-444538f40175,111.33444,-7.47444,,,,,,,,,
Jawa Timur,Pacitan,24fc8f9c-1336-462f-8f89-9af45f3abebc,111.17806,-8.125,,,,,,,,,
Jawa Timur,Pamekasan,2870639f-6921-46e1-9227-06747cdbe174,113.5,-7.06667,,,,,,,,,
Jawa Timur,Pasuruan,3efbb56b-acd8-47b7-b8c6-aff1268caf8d,112.83333,-7.75,,,,,,,,,
Jawa Timur,Pasuruan,c3c7f6dd-6a25-4742-8cb8-9e4ef7f528df,112.9,-7.65,,,,,,,,,
Jawa Timur,Ponorogo,d10bb4c6-c3fa-489f-9a7d-8058ce3eedeb,111.5,-7.93333,,,,,,,,,
Jawa Timur,Probolinggo,39b2e54c-ee18-4e84-ab0e-f2020c58d64b,113.3,-7.85,,,,,,,,,
Jawa Timur,Probolinggo,b4ff2e2e-424a-4a44-9aca-3171cd9b5a84,113.20528,-7.775,,,,,,,,,
Jawa Timur,Sampang,ce800d2d-6905-4333-97d9-f297e6d0b115,113.25,-7.05,,,,,,,,,
Jawa Timur,Sidoarjo,0c51be85-7a6e-4fe6-b802-4bbec5d5dcda,112.7,-7.45,,,,,,,,,
Jawa Timur,Situbondo,5484dab3-0aa4-4f22-9e50-1aff2c1ee29e,114.03333,-7.68333,,,,,,,,,
Jawa Timur,Sumenep,0d43961c-e667-48f3-9c63-125b79fe8625,113.81667,-6.98333,,,,,,,,,
Jawa Timur,Surabaya,0822446a-8784-4af4-bc88-9f9294fca382,112.71667,-7.275,,,,,,,,,
Jawa Timur,Trenggalek,ee40d220-096b-4dd4-9f48-2857fd99e66b,111.62639,-8.15972,,,,,,,,,
Jawa Timur,Tuban,18b52378-af35-4fa3-9917-ac8ce51fe30a,111.88333,-6.95,,,,,,,,,
Jawa Timur,Tulungagung,4a771364-1ef3-411f-a0c0-abc13b7f7201,111.91667,-8.13333,,,,,,,,,
Kalimantan Barat,Bengkayang,55417efa-f26e-4902-aa54-5562475f23f0,109.66393,1.06911,,,,,,,,,
Kalimantan Barat,Kapuas Hulu,0ed7cc32-4ec3-4e94-87a8-1360731848d3,112.8,0.83333,,,,,,,,,
Kalimantan Barat,Kayong Utara,58fec115-306a-407f-8045-e75e8842643c,110.10402,-1.06023,,,,,,,,,
Kalimantan Barat,Ketapang,71250e54-f3db-4d26-ba4c-aa9f050bfb0a,110.56667,-1.58333,,,,,,,,,
Kalimantan Barat,Kubu Raya,32c1ca11-9eee-4456-837c-321ba1d38d97,109.51865,-0.31924,,,,,,,,,
Kalimantan Barat,Landak,83b08dc3-7a3f-4573-a2b0-b06da2b62f2a,109.75917,0.42373,,,,,,,,,
Kalimantan Barat,Melawi,a2788fc8-f252-40ae-a542-10a8b41d3749,111.698,-0.33617,,,,,,,,,
Kalimantan Barat,Mempawah,68e5a7ea-d8ad-417b-9426-538d74ed734d,109.16667,0.25,,,,,,,,,
Kalimantan Barat,Pontianak,d6e23064-c4ac-47ca-9e77-1ee297160461,109.33146,0.00832,,,,,,,,,
Kalimantan Barat,Sambas,50f46107-053c-433b-8147-9152c594b430,109.35,1.43333,,,,,,,,,
Kalimantan Barat,Sanggau,05614c2f-f665-46b3-9e50-b3bfb2806fa8,110.46667,0.21667,,,,,,,,,
Kalimantan Barat,Sekadau,e890e485-3233-4740-8510-ecdd10602369,110.95066,0.03485,,,,,,,,,
Kalimantan Barat,Singkawang,c2afea99-4f22-496e-b9b7-f0d975149b2d,109.00103,0.90734,,,,,,,,,
Kalimantan Barat,Sintang,f2fcd247-aef4-4420-a25d-7a8c4b9d56b8,112.08333,-0.08333,,,,,,,,,
Kalimantan Selatan,Balangan,e449315c-1123-4688-8e03-1a261bab07db,115.62922,-2.32314,,,,,,,,,
Kalimantan Selatan,Banjar,9196d41c-5dfd-41b4-b2c2-1f0dea7d2195,115.08333,-3.38333,,,,,,,,,
Kalimantan Selatan,Banjar Baru,15c712bf-ad2e-417c-924d-1a54ce5ed45a,114.81162,-3.48304,,,,,,,,,
Kalimantan Selatan,Banjarmasin,434e6028-4cd9-449b-b571-38e8e9a182e1,114.59102,-3.32444,,,,,,,,,
Kalimantan Selatan,Barito Kuala,0e33a0ef-ea56-46e2-a371-f9d46f2c1537,114.68333,-3.08333,,,,,,,,,
Kalimantan Selatan,Baru,43ae3447-40e6-4f2e-8cc9-b903ee7c16b5,116,-2.76667,,,,,,,,,
Kalimantan Selatan,Hulu Sungai Selatan,8e137ac9-3ad3-4596-8e2e-297dc645ee98,115.21667,-2.76667,,,,,,,,,
Kalimantan Selatan,Hulu Sungai Tengah,3b5a3b7d-e85c-4b66-985c-9f450f5cbe70,115.51667,-2.6,,,,,,,,,
Kalimantan Selatan,Hulu Sungai Utara,4bfc5f24-da2c-485b-b6cd-4807ed33899b,115.16667,-2.43333,,,,,,,,,
Kalimantan Selatan,Tabalong,4e52d01d-55aa-46ba-8767-48428e90e6e6,115.55,-1.83333,,,,,,,,,
Kalimantan Selatan,Tanah Bumbu,b6aaf7a0-1bfe-488d-89e8-a4afe6eec0ec,115.70372,-3.45413,,,,,,,,,
Kalimantan Selatan,Tanah Laut,e0e2fc25-a0d7-4e67-8658-cdd09352c2f5,114.83333,-3.85,,,,,,,,,
Kalimantan Selatan,Tapin,a9948c9e-06ec-446a-8c61-ff58b0b63463,115.03333,-2.96667,,,,,,,,,
Kalimantan Tengah,Barito Selatan,86368c94-26fc-40b2-bca2-7cfc7dad432e,114.78333,-1.76667,,,,,,,,,
Kalimantan Tengah,Barito Timur,ed34c789-e7a8-414a-90b3-eee992f3faca,115.15,-1.98333,,,,,,,,,
Kalimantan Tengah,Barito Utara,16978779-90fa-4090-8008-4b6e8583e583,115.06667,-0.93333,,,,,,,,,
Kalimantan Tengah,Gunung Mas,7f91d94b-7025-45b1-81fd-12c29de2e532,113.56667,-1.03333,,,,,,,,,
Kalimantan Tengah,Kapuas,1712d121-7c1b-4be7-ab91-edc51822a8bc,114.3,-1.75,,,,,,,,,
Kalimantan Tengah,Katingan,61931026-546e-401f-9d6e-59f7da283494,113.21667,-1.68333,,,,,,,,,
Kalimantan Tengah,Lamandau,e7f87fd4-3d82-4766-8906-6da29a25ecf8,111.2869,-1.83828,,,,,,,,,
Kalimantan Tengah,Murung Raya,1cab847d-26c8-47a1-af91-4c0d4a322edc,114.28333,-0.03333,,,,,,,,,
Kalimantan Tengah,Palangka Raya,17e55401-6c1b-4f51-bd08-e3d7dea4879e,113.73126,-1.76979,,,,,,,,,
Kalimantan Tengah,Pulang Pisau,98e6c1d6-106f-47ca-ad8e-3435e324c918,113.8623,-3.11858,,,,,,,,,
Kalimantan Tengah,Seruyan,7e8fd16e-fe5f-453c-bdb2-a2dc99634dd0,112.25,-2.55,,,,,,,,,
Kalimantan Tengah,Sukamara,f52acb8f-0165-4025-80e6-dfc48d4958de,111.23681,-2.62675,,,,,,,,,
Kalimantan Tengah,waringin Barat,f5868376-1226-4cbc-8e77-a50f30c9a929,111.7,-2.51667,,,,,,,,,
Kalimantan Tengah,waringin Timur,974fe6bb-916f-46fa-be9a-2c57ebe5532a,112.76667,-2.08333,,,,,,,,,
Kalimantan Timur,Balikpapan,513f150c-4fba-415a-9a68-75b755b4f506,116.86667,-1.15,,,,,,,,,
Kalimantan Timur,Berau,3c17e708-476b-444e-8dde-afab2f22c5b5,117.11833,2.02889,,,,,,,,,
Kalimantan Timur,Bontang,532a2053-0cb4-47a1-a604-0589125f6545,117.49603,0.12526,,,,,,,,,
Kalimantan Timur,Kutai Barat,a8435342-bdc7-4c96-9c75-c4f8f031d8f7,115.51575,-0.59417,,,,,,,,,
Kalimantan Timur,Kutai Kartanegara,27abf39f-2956-443a-9294-0424a220768a,116.98139,-0.44019,,,,,,,,,
Kalimantan Timur,Kutai Timur,4df77b7d-1035-47ec-b236-e0d685c5831c,117.83112,1.03769,,,,,,,,,
Kalimantan Timur,Mahakam Hulu,38649d3f-8a5c-4cdf-9282-a982bce193e7,115.38048,0.37822,,,,,,,,,
Kalimantan Timur,Paser,7c321023-0b1e-405e-8050-cfeac36f973c,116.23535,-1.43517,,,,,,,,,
Kalimantan Timur,Penajam Paser Utara,09931c18-622d-4770-94b8-351c3b1cb60a,116.57169,-1.20333,,,,,,,,,
Kalimantan Timur,Samarinda,9f20ece5-d293-4345-ab25-e9fc1155c818,117.14,-0.5,,,,,,,,,
Kalimantan Utara,Bulungan,569f706e-d4c2-4e22-befa-eb0eca6d8508,117.16667,3,,,,,,,,,
Kalimantan Utara,Malinau,c6211916-4da5-4343-85e0-4d716abe04eb,115.71667,2.48333,,,,,,,,,
Kalimantan Utara,Nunukan,d0ca647d-7d25-43d1-8fdf-7ecdca02ffa9,116.68333,4.1,,,,,,,,,
Kalimantan Utara,Tana Tidung,117694bc-451f-4f5d-b6b5-4af27fd18757,116.96667,3.55,,,,,,,,,
Kalimantan Utara,Tarakan,a000ca99-a138-4532-847c-7fff9b0746a1,117.6,3.35,,,,,,,,,
Kepulauan Bangka Belitung,Bangka,54a779d9-7ff5-4ef5-8dc1-a2d47ced83f9,105.96667,-1.91667,,,,,,,,,
Kepulauan Bangka Belitung,Bangka Barat,3ae4a787-df26-4359-bb59-4e2d3c810166,105.53741,-1.95839,,,,,,,,,
Kepulauan Bangka Belitung,Bangka Selatan,3fede550-2b3e-4efe-bb59-e04274813737,106.01257,-2.66803,,,,,,,,,
Kepulauan Bangka Belitung,Bangka Tengah,f6b2103d-d366-4afb-8651-fd83a5dabde2,106.1142,-2.33989,,,,,,,,,
Kepulauan Bangka Belitung,Belitung,91cda565-8920-4415-af03-a0016779b97c,107.68333,-2.86667,,,,,,,,,
Kepulauan Bangka Belitung,Belitung Timur,1f14d0ac-8f13-4125-81bd-7e6abe17513e,108.15216,-2.9627,,,,,,,,,
Kepulauan Bangka Belitung,Pangkal Pinang,e180d7ae-806a-4bc3-ac2d-9976ba48adce,106.11667,-2.11667,,,,,,,,,
Kepulauan Riau,Batam,654dbd43-0da6-44a1-8fa6-3f2879b8fbdf,104.02851,1.05211,,,,,,,,,
Kepulauan Riau,Bintan,a0064fb5-0168-45f2-babc-03ab108c4bca,104.61944,0.95,,,,,,,,,
Kepulauan Riau,Karimun,87fcf1eb-7006-4362-90d4-57bce3732127,103.41911,0.80764,,,,,,,,,
Kepulauan Riau,Kepulauan Anambas,61301f12-3c77-45f0-958c-2cca0e009dcf,105.76071,2.93966,,,,,,,,,
Kepulauan Riau,Lingga,494d3a47-578f-4b70-8467-e7bb443e0a19,104.41448,-0.5091,,,,,,,,,
Kepulauan Riau,Natuna,258fabeb-5273-4ed7-a42d-8f20e17c3a15,107.97639,4.71417,,,,,,,,,
Kepulauan Riau,Tanjung Pinang,1bbe4725-7759-49d0-b1fe-5416d4b9c5f3,104.44329,0.91683,,,,,,,,,
Lampung,Bandar Lampung,e499ab41-13b6-48b6-9e69-029abfa47e0e,105.26667,-5.41667,,,,,,,,,
Lampung,Lampung Barat,cf6d7310-0b5b-4cc3-92e1-bee18d158b92,104.19309,-5.14904,,,,,,,,,
Lampung,Lampung Selatan,b020ec28-4169-4741-877d-33567b3e93b3,105.49741,-5.53965,,,,,,,,,
Lampung,Lampung Tengah,b1cff26f-f1f7-4e82-aabb-d96512d4217b,105.26667,-4.86667,,,,,,,,,
Lampung,Lampung Timur,cdafa062-921a-4da0-93c8-5e931fc5203e,105.68003,-5.10273,,,,,,,,,
Lampung,Lampung Utara,75bf7201-f0cd-457f-9fc3-86615f64936e,104.8,-4.81667,,,,,,,,,
Lampung,Mesuji,837bcdb9-0768-471a-9f91-5035695c5568,105.4013,-4.0439,,,,,,,,,
Lampung,Metro,f30f60eb-5010-48b2-a070-bdbea7194599,105.29949,-5.11856,,,,,,,,,
Lampung,Pesawaran,e7f9f1a2-5f9a-41f9-b9a3-1508093c7718,105.17899,-5.4298,,,,,,,,,
Lampung,Pesisir Barat,9459e295-a98f-4db9-b13e-17bb8a259dd3,103.93976,-5.19323,,,,,,,,,
Lampung,Pringsewu,88ec8911-a5a3-460f-9303-e49674918267,104.93454,-5.42211,,,,,,,,,
Lampung,Tanggamus,5450a8d2-fb19-49ba-874a-6605ff1dac19,104.62349,-5.38508,,,,,,,,,
Lampung,Tulang Bawang Barat,e85d3e02-c07a-40b4-8423-c1d52042b4f9,105.16004,-4.43356,,,,,,,,,
Lampung,Tulangbawang,e51935c6-d082-4a29-a836-cb4d994e0fcc,105.57999,-4.20604,,,,,,,,,
Lampung,Way Kanan,6d43fc7c-ae14-4f67-84b4-f1e3b18f0752,104.52753,-4.44705,,,,,,,,,
Maluku,Ambon,64063675-44fd-440b-b011-e99feebd4ddc,128.18333,-3.7,,,,,,,,,
Maluku,Buru,294a4303-2c49-4524-a2b1-2480a263017f,126.68413,-3.32767,,,,,,,,,
Maluku,Buru Selatan,34eddebd-5767-4cbb-837f-d188dac06c16,126.59271,-3.52187,,,,,,,,,
Maluku,Kepulauan Aru,cff25b2d-a87f-4385-9a35-a41bb75e72b4,134.46991,-6.17059,,,,,,,,,
Maluku,Maluku Barat Daya,cb745db9-5cd8-4ef6-90ed-8ab222257f3e,126.17386,-7.8296,,,,,,,,,
Maluku,Maluku Tengah,7e975cf4-acc8-4a06-ac55-8cc50c9752a0,128.9675,-3.29167,,,,,,,,,
Maluku,Maluku Tenggara,3df057b3-80a8-43bc-a07d-3be47bf65223,132.73333,-5.78333,,,,,,,,,
Maluku,Maluku Tenggara Barat,20d88473-9d11-4e48-95b6-45403b38db46,131.38,-7.61186,,,,,,,,,
Maluku,Seram Bagian Barat,9d898681-d07d-4fa7-b9e0-600892e68684,128.42996,-3.1027,,,,,,,,,
Maluku,Seram Bagian Timur,65065463-b9d0-409d-908b-2ec1fa27af55,130.39167,-3.39851,,,,,,,,,
Maluku,Tual,8eb1a5d8-8a59-4ff2-9b9f-00452eaf9627,132.74935,-5.64301,,,,,,,,,
Maluku Utara,Halmahera Barat,76798dac-9453-4101-971d-5a476d2737f4,127.55264,1.41709,,,,,,,,,
Maluku Utara,Halmahera Selatan,1eeae8ba-1063-43e5-850f-7e25d51e581f,127.90833,-0.3955,,,,,,,,,
Maluku Utara,Halmahera Tengah,26bc8563-5f8d-4d42-ba9d-6b8a75455856,127.91667,0.55,,,,,,,,,
Maluku Utara,Halmahera Timur,38b2afa8-213b-4c85-8b81-e018579a8c08,128.48627,1.33517,,,,,,,,,
Maluku Utara,Halmahera Utara,6d5fa9b8-75fb-4c8e-9f10-3bec1f741090,128.00778,1.73194,,,,,,,,,
Maluku Utara,Kepulauan Sula,d2f213b9-1502-49e0-a1d0-f7d42a80aae8,125.69046,-1.8646,,,,,,,,,
Maluku Utara,Pulau Morotai,a08720b7-5e81-4a90-83d8-ce7bbc44fcac,128.40546,2.19924,,,,,,,,,
Maluku Utara,Pulau Taliabu,f0f5412a-30e0-43ae-aac3-21f3c4e6ba43,124.78992,-1.84578,,,,,,,,,
Maluku Utara,Ternate,61081dc9-d61c-4bcd-b56a-27ce9d24842e,127.31016,0.89618,,,,,,,,,
Maluku Utara,Tidore Kepulauan,de2e5f37-3847-40a6-86ef-b0076d19f56b,127.56981,0.60962,,,,,,,,,
Nanggroe Aceh Darussalam,Aceh Barat,27b2bd1f-3dac-4b2f-96ec-0c8bccab47be,96.16667,4.43333,,,,,,,,,
Nanggroe Aceh Darussalam,Aceh Barat Daya,b41cbd4e-d5ab-4d33-86b6-e2666c8a70f3,96.88333,3.81667,,,,,,,,,
Nanggroe Aceh Darussalam,Aceh Besar,3c784961-5690-4fba-a682-d461b4c9a2e5,95.5,5.4,,,,,,,,,
Nanggroe Aceh Darussalam,Aceh Jaya,1779364b-821f-49a9-96fd-e183b957bca0,95.64,4.86,,,,,,,,,
Nanggroe Aceh Darussalam,Aceh Selatan,ad599092-c3f0-4019-8e3a-52cb5a73e2b5,97.4,3.16667,,,,,,,,,
Nanggroe Aceh Darussalam,Aceh Singkil,7251f0c1-d49f-4e35-8e8e-51b9041deb06,97.96667,2.38333,,,,,,,,,
Nanggroe Aceh Darussalam,Aceh Tamiang,236c76e7-84f8-4553-9db0-0cac9acf8efc,97.93333,4.23333,,,,,,,,,
Nanggroe Aceh Darussalam,Aceh Tengah,fc5b4eb7-bf78-423d-b383-989ddde171a7,96.855,4.51,,,,,,,,,
Nanggroe Aceh Darussalam,Aceh Tenggara,ac556c51-a206-4467-a2e5-906e8f2e3579,97.7,3.33333,,,,,,,,,
Nanggroe Aceh Darussalam,Aceh Timur,48363434-24d5-4d9b-9859-998606b7fb48,97.71667,4.61667,,,,,,,,,
Nanggroe Aceh Darussalam,Aceh Utara,60acd8e0-d714-4a8d-930a-e24abd4c470c,97.14,4.97,,,,,,,,,
Nanggroe Aceh Darussalam,Banda Aceh,02366a3f-9bdd-4860-9274-60713b759720,95.32639,5.55556,,,,,,,,,
Nanggroe Aceh Darussalam,Bener Meriah,55e326d2-3947-4f7b-8351-3f775d8a68eb,96.86156,4.73015,,,,,,,,,
Nanggroe Aceh Darussalam,Bireuen,a504a669-3af4-481f-87f2-8f48d44b0758,96.6,5.11667,,,,,,,,,
Nanggroe Aceh Darussalam,Gayo Lues,ae71c6e7-65b6-458f-9d8d-dcd82d91fabf,97.39,3.95,,,,,,,,,
Nanggroe Aceh Darussalam,Langsa,803fa11f-0d53-4f01-b095-945b38a2ae41,97.93,4.47,,,,,,,,,
Nanggroe Aceh Darussalam,Lhokseumawe,5f124c62-1f6e-4203-b6b5-76e71a53d3bc,97.12774,5.18271,,,,,,,,,
Nanggroe Aceh Darussalam,Nagan Raya,7d2d6410-3159-4f42-9747-c703833e4b18,96.5,4.15,,,,,,,,,
Nanggroe Aceh Darussalam,Pidie,1736e004-34be-4027-9f57-7809ec8fc7ed,96.11,5.08,,,,,,,,,
Nanggroe Aceh Darussalam,Pidie Jaya,9033a89f-bf2f-473c-a471-407b440ecd59,96.21667,5.15,,,,,,,,,
Nanggroe Aceh Darussalam,Sabang,42e85e75-df9c-44bc-9c8b-b621e39553c0,95.33223,5.87944,,,,,,,,,
Nanggroe Aceh Darussalam,Simeulue,82d6d4db-d86c-454f-91d2-4e07ec1b5be9,96.07667,2.61972,,,,,,,,,
Nanggroe Aceh Darussalam,Subulussalam,915b6a81-62fb-4396-bc1f-a724f31adb57,97.93333,2.73333,,,,,,,,,
Nusa Tenggara Barat,Bima,4d7bb71c-ddde-428f-b76f-ee8050295c5e,118.75259,-8.46728,,,,,,,,,
Nusa Tenggara Barat,Bima,b4cb1ac9-e129-4686-b079-62ee90145d17,118.75,-8.61667,,,,,,,,,
Nusa Tenggara Barat,Dompu,44abefac-1ce1-4d7a-9792-895835ddf55a,118.4816,-8.5094,,,,,,,,,
Nusa Tenggara Barat,Lombok Barat,1772d7e5-8f8b-4d89-a99d-cdf8602c8a69,116.13333,-8.66667,,,,,,,,,
Nusa Tenggara Barat,Lombok Tengah,ec697ed6-05a6-4aab-89d4-e6281db5c803,116.3,-8.7,,,,,,,,,
Nusa Tenggara Barat,Lombok Timur,64321a9c-86f9-40e3-84f2-cbcadf181ea1,116.51667,-8.53333,,,,,,,,,
Nusa Tenggara Barat,Lombok Utara,cb78bf41-9766-477f-adef-5e3de32086f8,116.40152,-8.35214,,,,,,,,,
Nusa Tenggara Barat,Mataram,2a0572d6-7bf5-47cc-9206-c95e83f2581b,116.11667,-8.58333,,,,,,,,,
Nusa Tenggara Barat,Sumbawa,d124a706-dffc-4af5-ae98-c9d51e9c68db,117.3324,-8.7439,,,,,,,,,
Nusa Tenggara Barat,Sumbawa Barat,f2236c23-45f5-4653-b87c-12e94c853313,116.92132,-8.75159,,,,,,,,,
Nusa Tenggara Timur,Alor,a0c2809c-78d4-415c-851d-ed872464661c,124.73333,-8.28333,,,,,,,,,
Nusa Tenggara Timur,Belu,df6cc244-0ce6-47c1-9887-029632fc4d1a,124.91628,-9.17581,,,,,,,,,
Nusa Tenggara Timur,Ende,69f47e43-ee5f-4868-af68-7adfc64f69ab,121.66389,-8.84056,,,,,,,,,
Nusa Tenggara Timur,Flores Timur,68d2a57e-99ac-4731-b1c5-0d9f8036e98d,122.96817,-8.24224,,,,,,,,,
Nusa Tenggara Timur,Kupang,7e21de8d-dfbd-4fe5-843f-d509320ee4ff,123.83333,-9.91667,,,,,,,,,
Nusa Tenggara Timur,Kupang,a84b908d-c914-4999-8d99-80ea36325974,123.59806,-10.19694,,,,,,,,,
Nusa Tenggara Timur,Lembata,f3b2f09d-2232-471d-aa75-c44fc44c1b24,123.55225,-8.41396,,,,,,,,,
Nusa Tenggara Timur,Malaka,28321002-f0eb-4aef-8fbe-1afbcbfc0ab5,124.89481,-9.5632,,,,,,,,,
Nusa Tenggara Timur,Manggarai,5b49065a-460f-489d-82e6-fffec58316da,120.43333,-8.56667,,,,,,,,,
Nusa Tenggara Timur,Manggarai Barat,9ec300ad-4fee-4060-b5cc-d96d6f37313d,119.88281,-8.64484,,,,,,,,,
Nusa Tenggara Timur,Manggarai Timur,f5f042a7-7477-49b1-ab70-f3bdc1108e68,120.59761,-8.55533,,,,,,,,,
Nusa Tenggara Timur,Nagekeo,bbc0d013-f66e-4fca-9ea7-329c3ef5ee86,121.20963,-8.8721,,,,,,,,,
Nusa Tenggara Timur,Ngada,2ac1690b-0555-4886-8538-ffaa25938fe6,121,-8.66667,,,,,,,,,
Nusa Tenggara Timur,Rote Ndao,ecc4998a-c758-410f-8608-1444a2179b32,123.12054,-10.73617,,,,,,,,,
Nusa Tenggara Timur,Sabu Raijua,4326f2ae-570d-49b9-a40d-ee51fea1909e,121.78894,-10.56286,,,,,,,,,
Nusa Tenggara Timur,Sikka,18ea7486-d3bd-4853-9793-585cd3633f5d,122.33333,-8.68333,,,,,,,,,
Nusa Tenggara Timur,Sumba Barat,cffd4d83-3f09-4f88-b89d-f909b89e08dd,119.41667,-9.63333,,,,,,,,,
Nusa Tenggara Timur,Sumba Barat Daya,7f9bd22f-b599-42d3-bf6a-e4ea27b554ea,119.08905,-9.56216,,,,,,,,,
Nusa Tenggara Timur,Sumba Tengah,84c6016d-40cc-4b01-a3a5-637386671788,119.61914,-9.62941,,,,,,,,,
Nusa Tenggara Timur,Sumba Timur,4ebfb305-dfdd-4590-9854-19722127a292,120.215,-9.88167,,,,,,,,,
Nusa Tenggara Timur,Timor Tengah Selatan,58ad0c0e-d973-42be-9ad4-5eace6384ae1,124.4,-9.83333,,,,,,,,,
Nusa Tenggara Timur,Timor Tengah Utara,8d83147b-2482-4e63-9641-048f996e069c,124.51904,-9.33136,,,,,,,,,
Papua,Biak Numfor,4cf641d5-276e-4b70-b0eb-3c1136f14d4b,136,-0.98333,,,,,,,,,
Papua,Jayapura,016280d7-493e-4183-8961-8b2bab153688,139.98333,-2.98333,,,,,,,,,
Papua,Jayapura,f015f2ce-072f-45b6-9892-365c868d190d,140.77779,-2.64647,,,,,,,,,
Papua,Keerom,0b07141c-5929-4fbd-b060-46e5d5e39d2d,140.68333,-3.33333,,,,,,,,,
Papua,Kepulauan Yapen,d9bd2c4c-220f-4f12-aa9e-4c52eea9bf13,136.27716,-1.78773,,,,,,,,,
Papua,Mamberamo Raya,f1f8b12c-8e01-4d07-9799-6a1083ef9b34,137.78229,-2.23561,,,,,,,,,
Papua,Sarmi,d693a576-f4af-4246-90de-49e7aa8c1467,139.1,-2.31667,,,,,,,,,
Papua,Supiori,003fd071-0f0d-4355-9593-02c0ebe289b7,135.61111,-0.73881,,,,,,,,,
Papua,Waropen,1c98476c-b406-44c9-ae4b-8699f007443b,136.64568,-2.73008,,,,,,,,,
Papua Barat,Fakfak,899feb49-2495-49aa-9355-5e7db9a37284,132.29608,-2.92641,,,,,,,,,
Papua Barat,Kaimana,8f26076c-c883-435f-92bb-3a3c46cbe52f,133.77451,-3.66093,,,,,,,,,
Papua Barat,Manokwari,b0ed3d2f-6ac4-4e06-82aa-fd2243acc38e,133.73333,-0.9,,,,,,,,,
Papua Barat,Manokwari Selatan,1e4040e2-2656-4483-bc3c-87e37c125929,134.00313,-1.60532,,,,,,,,,
Papua Barat,Pegunungan Arfak,e59048c4-5108-435c-82c2-595c3dd526c8,133.70651,-1.20256,,,,,,,,,
Papua Barat,Teluk Bintuni,45905f7b-7ae3-48a8-bbf5-a4d69639ac18,133.33105,-1.88037,,,,,,,,,
Papua Barat,Teluk Wondama,f9f59d24-7772-4556-b81f-bb8c4abae9ef,134.5,-2.7,,,,,,,,,
Papua Barat Daya,Maybrat,0b4856b0-e36d-4d72-8bf8-bf0625060c1c,132.35092,-1.2155,,,,,,,,,
Papua Barat Daya,Raja Ampat,f6b05507-762c-4b81-bcc4-2f4e32674818,130.06648,-1.86521,,,,,,,,,
Papua Barat Daya,Sorong,011a23a3-8f7d-4838-9313-d873f43b43db,131.25152,-0.86507,,,,,,,,,
Papua Barat Daya,Sorong,9aae3b07-ea35-424f-9a5e-e8c502980e72,131.51667,-1.1,,,,,,,,,
Papua Barat Daya,Sorong Selatan,300fbe99-b559-4b03-b6ae-730360e548f8,132.28638,-1.50495,,,,,,,,,
Papua Barat Daya,Tambrauw,9d601842-b9e9-4c70-8d56-0b4aa12fea01,132.48962,-0.60515,,,,,,,,,
Papua Pegunungan,Jayawijaya,c2f541cf-fc58-4d4c-89c9-248a8865318a,138.91667,-4.08333,,,,,,,,,
Papua Pegunungan,Lanny Jaya,315c99c3-f97b-4dab-8dd1-a9ad934c36f3,138.28766,-3.91244,,,,,,,,,
Papua Pegunungan,Mamberamo Tengah,a0ddc372-26d0-4eee-85a1-a640ac10489c,139.06483,-3.62733,,,,,,,,,
Papua Pegunungan,Nduga,963af3e9-cb01-4fe2-901f-556694bc91d3,138.10089,-4.45093,,,,,,,,,
Papua Pegunungan,Pegunungan Bintang,1e3b27be-83c6-49bb-a12b-a515a85805d7,140.29541,-4.52167,,,,,,,,,
Papua Pegunungan,Tolikara,06d2a5ad-7729-4cd5-84d2-865af31758cf,138.40039,-3.48799,,,,,,,,,
Papua Pegunungan,Yahukimo,05a846fe-da80-4ccb-a163-f1860c8a3cbf,139.58405,-4.60403,,,,,,,,,
Papua Pegunungan,Yalimo,ec81ba97-2b85-4a92-9600-eea9839ec4fc,139.42183,-3.78805,,,,,,,,,
Papua Selatan,Asmat,5b92b12c-a530-4994-aac2-9d99d025b651,138.46344,-5.3795,,,,,,,,,
Papua Selatan,Boven Digoel,fc97017b-479f-4ce2-8db8-3bb9e7fe0602,140.36349,-5.70519,,,,,,,,,
Papua Selatan,Mappi,c7bef644-7308-4b00-97f5-0fc2a0d43152,139.34441,-6.49971,,,,,,,,,
Papua Selatan,Merauke,1cac22a7-c649-41a8-a34d-77111c9879d8,139.68194,-7.69611,,,,,,,,,
Papua Tengah,Deiyai,2593d235-7a2f-4b0e-812f-edd0baa252c8,136.40567,-4.15287,,,,,,,,,
Papua Tengah,Dogiyai,51ed3cda-3281-480a-bcb8-e17409ce484d,135.43945,-4.03186,,,,,,,,,
Papua Tengah,Intan Jaya,b88299f5-0e95-44b2-b6ea-b5501f407033,136.70837,-3.41016,,,,,,,,,
Papua Tengah,Mimika,e39f793f-ea95-4ee8-805e-ddfd7aa64571,136.56555,-4.54357,,,,,,,,,
Papua Tengah,Nabire,83537876-28bf-4693-892f-b1a5a16c39e9,135.55511,-3.54016,,,,,,,,,
Papua Tengah,Paniai,85a98bcf-415c-441e-939c-ea8bc6decefe,136.41667,-3.83333,,,,,,,,,
Papua Tengah,Puncak,940ee6dd-d3d5-40d6-9fbf-d78738fae29e,137.31934,-3.56104,,,,,,,,,
Papua Tengah,Puncak Jaya,e9590a45-369f-47f0-8a7c-84525f0410cb,137.77029,-3.48821,,,,,,,,,
Riau,Bengkalis,35b3f5fc-e2ba-4bfb-a5d4-0a1e9aec64c3,101.54527,1.29882,,,,,,,,,
Riau,Dumai,ce96752c-263d-48f4-9d72-9a9e8b3d23b3,101.4917,1.61592,,,,,,,,,
Riau,Indragiri Hilir,c465ad8d-10ab-4d3c-b9c4-0068281acdd8,103.12167,-0.22056,,,,,,,,,
Riau,Indragiri Hulu,98e81989-4972-4c0a-9e8d-954090141171,102.33333,-0.53333,,,,,,,,,
Riau,Kampar,80761018-ed62-4d76-a1c5-e4a18e812a4f,101.2131,0.2344,,,,,,,,,
Riau,Kepulauan Meranti,8433f6dd-a06e-430a-aadf-b94d31f7b89c,102.69539,0.97488,,,,,,,,,
Riau,Kuantan Singingi,e28b912f-d791-4533-b57d-63cc55168d8a,101.45857,-0.47532,,,,,,,,,
Riau,Pekanbaru,79c660ef-ab9a-44e5-9f9d-623a766e5b72,101.48333,0.55,,,,,,,,,
Riau,Pelalawan,27589902-3df6-4faf-877f-2d8a869ef7c5,102.18607,0.20822,,,,,,,,,
Riau,Rokan Hilir,43fa2306-9227-49e1-9db1-a168639037d2,100.82514,2.16599,,,,,,,,,
Riau,Rokan Hulu,9b2c434f-c8a6-47a6-b570-9955dfb26c8a,100.48333,0.88333,,,,,,,,,
Riau,Siak,324b0890-7e56-4c87-9e78-813083691afa,102.01355,0.97453,,,,,,,,,
Sulawesi Barat,Majene,f1a83949-ff3a-4a94-aab6-b0a5d6f32d1a,118.87139,-3.13139,,,,,,,,,
Sulawesi Barat,Mamasa,6e1799e3-3cf1-4c37-90da-5423050fc922,119.30631,-2.96492,,,,,,,,,
Sulawesi Barat,Mamuju,1a57d41d-49a6-42a4-8c22-9a522472c77d,119.4,-2.46667,,,,,,,,,
Sulawesi Barat,Mamuju Tengah,bdd1cbe1-4832-4812-89c5-893909cccc7e,119.54054,-2.0216,,,,,,,,,
Sulawesi Barat,Mamuju Utara,88c9cf0b-2cc3-4bff-9d82-f83f15325b1d,119.42139,-1.51639,,,,,,,,,
Sulawesi Barat,Polewali Mandar,c1731294-7e3c-4a2f-af5f-683727740b3b,119.15,-3.31667,,,,,,,,,
Sulawesi Selatan,Bantaeng,bf9fe28c-fe29-4e79-a622-a385f0111630,119.98333,-5.48333,,,,,,,,,
Sulawesi Selatan,Barru,ed961409-450b-4923-bde1-cdd54076fd3b,119.695,-4.45,,,,,,,,,
Sulawesi Selatan,Bone,61b92d12-91c9-454f-ae75-2be4e7e76363,120.13333,-4.7,,,,,,,,,
Sulawesi Selatan,Bulukumba,b643d67f-2257-47b6-822a-1ddd59f20c17,120.23333,-5.43333,,,,,,,,,
Sulawesi Selatan,Enrekang,61050d7f-bd4c-495f-994a-5b6b75bf55c4,119.86667,-3.5,,,,,,,,,
Sulawesi Selatan,Gowa,b4260f4f-49e1-4be0-852b-eb67f7c9ef83,119.71667,-5.31667,,,,,,,,,
Sulawesi Selatan,Jeneponto,392840f8-8d51-4ce8-9016-4f5100666506,119.71667,-5.63333,,,,,,,,,
Sulawesi Selatan,Luwu,1879d3dc-a35b-4f8e-894a-f50362576fc3,120.22127,-3.34836,,,,,,,,,
Sulawesi Selatan,Luwu Timur,e34eddae-2ef1-4a3c-ba92-1b20a6d7d8ce,121.12305,-2.5321,,,,,,,,,
Sulawesi Selatan,Luwu Utara,b38ee496-5896-464c-90f8-009e7f45e359,120.25,-2.6,,,,,,,,,
Sulawesi Selatan,Makassar,7677c41c-126d-44f6-b249-106f430c0fbc,119.46667,-5.13333,,,,,,,,,
Sulawesi Selatan,Maros,4d75d46e-26a7-4dba-8e8e-cc3e7d05dbfb,119.68333,-5.05,,,,,,,,,
Sulawesi Selatan,Palopo,c778e220-1315-48e5-84ae-0b70232a1afa,120.11078,-2.97841,,,,,,,,,
Sulawesi Selatan,Pangkajene Dan Kepulauan,64f2a715-a2bf-4bf6-9dd8-110e1203b7be,119.5506,-4.7827,,,,,,,,,
Sulawesi Selatan,Parepare,1e7d7987-07d8-49a7-a154-c7cf3f2a5479,119.66667,-4.03333,,,,,,,,,
Sulawesi Selatan,Pinrang,f08bc575-a393-4814-ae4b-d9482510b3a3,119.6,-3.61667,,,,,,,,,
Sulawesi Selatan,Selayar Islands,1a6b1fa4-2b4c-481f-8353-80ede1af9bea,120.8,-6.81667,,,,,,,,,
Sulawesi Selatan,Sidenreng Rappang,1c583d49-ef4f-4735-9b88-73924ee570e2,119.96667,-3.86667,,,,,,,,,
Sulawesi Selatan,Sinjai,55268527-4755-4b12-bba0-591a4cdb36ae,120.13333,-5.2,,,,,,,,,
Sulawesi Selatan,Soppeng,a7fac322-a4f7-49db-a477-cdd4c9c36ed2,119.89,-4.3842,,,,,,,,,
Sulawesi Selatan,Takalar,19d74ecb-93e0-485b-913e-b9a8037b73df,119.5,-5.41667,,,,,,,,,
Sulawesi Selatan,Tana Toraja,e5ea9aa1-ba0c-48f3-afde-1dbcfa074155,119.7617,-3.05671,,,,,,,,,
Sulawesi Selatan,Toraja Utara,1804695f-5d3a-4b46-9c0b-725cf4a14297,119.79218,-2.92738,,,,,,,,,
Sulawesi Selatan,Wajo,527fa12f-7dc2-45c9-adc8-ce39f97f3554,120.16667,-4,,,,,,,,,
Sulawesi Tengah,Banggai,e30bfd7a-c37b-4474-86b7-298cdce61a91,122.71836,-0.91141,,,,,,,,,
Sulawesi Tengah,Banggai Kepulauan,c1bc2107-60b8-47a9-8220-cfc2720083f8,123.03726,-1.30236,,,,,,,,,
Sulawesi Tengah,Banggai Laut,7884e7a3-51a0-466d-bba4-70642bd7189a,123.49388,-1.61841,,,,,,,,,
Sulawesi Tengah,Buol,5d6d0a11-6f0c-4942-af52-d53eae3cc175,121.36867,1.04656,,,,,,,,,
Sulawesi Tengah,Donggala,800a248e-2052-4f9c-8424-8953dd3e6e82,119.85,-0.33333,,,,,,,,,
Sulawesi Tengah,Morowali,39a289e5-5915-4b0d-8e09-b8bf95847ef6,121.95267,-2.76062,,,,,,,,,
Sulawesi Tengah,Morowali Utara,89f487e8-d886-4318-a405-19e82f9a23d3,121.24649,-1.7207,,,,,,,,,
Sulawesi Tengah,Palu,88f9da91-e0ac-4116-ada4-e4ed73011cc2,119.9,-0.86972,,,,,,,,,
Sulawesi Tengah,Parigi Moutong,8f2942a4-b338-4949-a98d-2ab63f7a2adc,120.17841,0.3368,,,,,,,,,
Sulawesi Tengah,Poso,91e505ab-c35b-4ec4-8f27-a18124e4f233,120.51667,-1.68333,,,,,,,,,
Sulawesi Tengah,Sigi,a9bf5a6f-6182-4f3e-81cf-a02b21f79bc3,119.96694,-1.385,,,,,,,,,
Sulawesi Tengah,Tojo Una-Una,04f2a1d3-0880-4b14-8277-9fe1013ec41f,121.48201,-1.2036,,,,,,,,,
Sulawesi Tengah,Toli-Toli,ad47d4b1-3066-485a-bd63-6cd7828fa38f,120.88643,1.30862,,,,,,,,,
Sulawesi Tenggara,Baubau,c825edf7-5a37-4c04-86f4-e23117fcf206,122.6166,-5.477,,,,,,,,,
Sulawesi Tenggara,Bombana,86ea0f56-af86-4f58-aacb-ef3393f52c3c,121.81641,-4.6257,,,,,,,,,
Sulawesi Tenggara,Buton,887290e3-f579-4b07-8451-ff1c05386c02,122.93333,-5.31667,,,,,,,,,
Sulawesi Tenggara,Buton Selatan,2fabab8d-5e0d-4582-b707-e747c53e1cad,122.7,-5.56667,,,,,,,,,
Sulawesi Tenggara,Buton Tengah,bd86f6bb-cbe5-4f4e-8a59-04e49bc806e1,122.45,-5.26667,,,,,,,,,
Sulawesi Tenggara,Buton Utara,971f9f92-60c5-4395-80c7-ad9ad0102846,122.93015,-5.01457,,,,,,,,,
Sulawesi Tenggara,Kendari,350346ec-fdf5-42a2-9d80-d4b00f044dcd,122.53333,-4.01667,,,,,,,,,
Sulawesi Tenggara,Kolaka,f2d60a2b-9e5f-4d2d-8e8f-87fe7dffa414,121.56667,-3.96667,,,,,,,,,
Sulawesi Tenggara,Kolaka Timur,81b661c0-9ca1-4fe3-aca8-6a12d11d02f1,121.86172,-4.01807,,,,,,,,,
Sulawesi Tenggara,Kolaka Utara,afd26ceb-1192-4a2e-aa7d-85e65f75dd5d,121.12427,-3.10452,,,,,,,,,
Sulawesi Tenggara,Konawe,011bb5da-1f93-4bd6-8f68-16ec04b3c913,122.08823,-3.91717,,,,,,,,,
Sulawesi Tenggara,Konawe Kepulauan,03c1936c-c14a-4e2b-9a2d-8efaaf70556b,123.10181,-4.11656,,,,,,,,,
Sulawesi Tenggara,Konawe Selatan,9b7acebd-21ee-40f5-8154-6e0d84eecabc,122.44854,-4.19191,,,,,,,,,
Sulawesi Tenggara,Konawe Utara,43b840d2-20ed-4436-bff0-abf701548159,121.99081,-3.41552,,,,,,,,,
Sulawesi Tenggara,Muna,52bacfb8-208e-458c-b30c-fc4d03576cd1,122.66667,-4.96667,,,,,,,,,
Sulawesi Tenggara,Muna Barat,456f1c7e-4d0a-45cb-83be-cefa36ce2ca9,122.48333,-4.83333,,,,,,,,,
Sulawesi Tenggara,Wakatobi,3637040d-cc13-4559-ba62-d0b1e3c9fb72,123.5948,-5.31934,,,,,,,,,
Sulawesi Utara,Bitung,093a4266-2642-41a0-96a5-7e000bf07748,125.15,1.5,,,,,,,,,
Sulawesi Utara,Bolaang Mongondow,320dfefa-e5c9-4330-acf7-3711ac54fd5d,124.03333,0.71667,,,,,,,,,
Sulawesi Utara,Bolaang Mongondow Selatan,8ac568be-0b8b-4cb0-a2ec-5f43ed0a2e35,123.75961,0.40912,,,,,,,,,
Sulawesi Utara,Bolaang Mongondow Timur,c149f3be-f26d-4315-8ec3-bb9a9373bd99,124.50256,0.72073,,,,,,,,,
Sulawesi Utara,Bolaang Mongondow Utara,e8679c8b-b116-4473-ba1e-076a291064d2,123.41766,0.78527,,,,,,,,,
Sulawesi Utara,Kepulauan Sangihe,9a4e8778-6c32-4cd9-a75f-a79dbc54ce90,125.55,3.55,,,,,,,,,
Sulawesi Utara,Kepulauan Talaud,01e671e6-d128-4703-8849-da45e5e758bc,126.78085,4.31178,,,,,,,,,
Sulawesi Utara,Manado,125fd70f-be3e-4af3-b123-bf7a153bda4b,124.88333,1.5,,,,,,,,,
Sulawesi Utara,Minahasa,4eb4ba50-09e9-4f57-8943-5f80d3f90fa4,124.83,1.2537,,,,,,,,,
Sulawesi Utara,Minahasa Selatan,002633c2-b45c-4fb1-bdf1-628b99d3b723,124.59708,1.21291,,,,,,,,,
Sulawesi Utara,Minahasa Tenggara,df8c5e7f-1553-4194-b677-d85e9e4dffcf,124.7925,1.05633,,,,,,,,,
Sulawesi Utara,Minahasa Utara,77ad6007-78a1-4f0b-97f6-46eb09a3c332,124.96,1.4025,,,,,,,,,
Sulawesi Utara,Siau Tagulandang Biaro,ee3bc4e5-c207-404f-bd16-8c8525f3a9d3,125.37512,2.11728,,,,,,,,,
Sulawesi Utara,Tomohon,f54c3d79-8732-4b9f-87c6-441813a82ae2,124.83404,1.31307,,,,,,,,,
Sulawesi Utara,mobagu,41bfda1b-1ed1-4cde-97c1-ba918c07a58d,124.32678,0.68915,,,,,,,,,
Sumatera Barat,Agam,4b851ccc-1757-469d-bcf1-7987c79332a0,100.21667,-0.23333,,,,,,,,,
Sumatera Barat,Bukittinggi,d2c59b33-d5cd-4edd-83cf-75c811dcc14d,100.37223,-0.29921,,,,,,,,,
Sumatera Barat,Dharmasraya,d8c9ea7f-e73e-4795-b362-7f99ba2616c9,101.58645,-1.2506,,,,,,,,,
Sumatera Barat,Kepulauan Mentawai,66bc0339-ffd9-40b5-9f6a-65f34afb914d,98.89552,-1.35927,,,,,,,,,
Sumatera Barat,Lima Puluh,b43f6f18-efdd-4176-aa91-1cb9ada3659d,100.5872,-0.0168,,,,,,,,,
Sumatera Barat,Padang,5e666aa8-abfd-4d4a-a02e-2caaef368a09,100.45,-0.9,,,,,,,,,
Sumatera Barat,Padang Panjang,b30b1801-1e9f-4746-a58d-5bfc472054cb,100.40364,-0.46953,,,,,,,,,
Sumatera Barat,Padang Pariaman,e6fd9565-75f0-4d70-8b01-51e95fabe978,100.23333,-0.55,,,,,,,,,
Sumatera Barat,Pariaman,868fa094-3360-4ec5-af90-c387b456c9e0,100.12047,-0.62682,,,,,,,,,
Sumatera Barat,Pasaman,3f94e24b-d0b9-48e3-a75b-d0dd36f44702,99.94606,0.42503,,,,,,,,,
Sumatera Barat,Pasaman Barat,d504989f-a722-4266-8221-d22b7d951747,99.51965,0.28152,,,,,,,,,
Sumatera Barat,Payakumbuh,5738028d-c59b-402e-93ba-a289e2ddb27f,100.63333,-0.21667,,,,,,,,,
Sumatera Barat,Pesisir Selatan,9127dc83-2331-443e-9765-d8c728041ab4,100.81694,-1.56806,,,,,,,,,
Sumatera Barat,Sawah Lunto,79f2b714-1547-4c5d-bdd0-925cfa046989,100.75,-0.6,,,,,,,,,
Sumatera Barat,Sijunjung,3a285c68-4d84-45d5-84be-12e8460696da,101.06793,-0.64866,,,,,,,,,
Sumatera Barat,Solok,395ebe14-c223-4285-8ddc-9132dde0bfab,100.83333,-0.96667,,,,,,,,,
Sumatera Barat,Solok,3c420344-8d9d-48a5-80e9-80e8a1617acd,100.63982,-0.77853,,,,,,,,,
Sumatera Barat,Solok Selatan,4853ee93-2bee-45c7-97e8-c9faaf3145b6,101.417,-1.23333,,,,,,,,,
Sumatera Barat,Tanah Datar,8f690520-4bcc-4804-a33d-207148ca037c,100.5771,-0.4555,,,,,,,,,
Sumatera Selatan,Banyu Asin,ac1700bb-bb25-4ea2-b8d4-d3423c4cf695,104.38306,-2.88333,,,,,,,,,
Sumatera Selatan,Empat Lawang,ee7eaa1a-1671-4c66-b6e1-7c4194b6d6a7,102.94511,-3.71629,,,,,,,,,
Sumatera Selatan,Lahat,7acc7384-a6c1-4050-865a-efd7106a6d8e,103.5428,-3.7864,,,,,,,,,
Sumatera Selatan,Lubuklinggau,a293a350-2e24-4a66-988a-696cdf14fc02,102.85503,-3.29308,,,,,,,,,
Sumatera Selatan,Muara Enim,71803dce-b9cf-4b5c-8e6e-757a7cba9d04,103.6141,-4.2327,,,,,,,,,
Sumatera Selatan,Musi Banyuasin,be79aa6e-7a37-4c7c-b9c0-2f70012392b1,103.73333,-2.46667,,,,,,,,,
Sumatera Selatan,Musi Rawas,7f02bbed-58d9-4300-b64c-0257d4b092a6,103.21667,-3.16667,,,,,,,,,
Sumatera Selatan,Musi Rawas Utara,c95e4915-6497-46c3-8bb7-ae05a4bc8fcf,102.7632,-2.70606,,,,,,,,,
Sumatera Selatan,Ogan Ilir,6ecbaeae-98d9-4dd4-ab41-202aded31fe0,104.62727,-3.43186,,,,,,,,,
Sumatera Selatan,Ogan Komering Ilir,6606aa5b-3b72-4d71-8d43-98ad23d55046,105.38333,-3.35,,,,,,,,,
Sumatera Selatan,Ogan Komering Ulu,79410f49-5841-4277-86fb-6a53314f3bd2,104.06667,-4.13333,,,,,,,,,
Sumatera Selatan,Ogan Komering Ulu Selatan,465d9bb9-eac5-4fd8-8fbc-70bae3a7f22a,104.00659,-4.65728,,,,,,,,,
Sumatera Selatan,Ogan Komering Ulu Timur,f448b90f-0301-4c1e-be7f-1c203440a527,104.75209,-3.85679,,,,,,,,,
Sumatera Selatan,Pagar Alam,b50876d9-07c8-4026-83c4-5779bd7d2e7a,103.26822,-4.13055,,,,,,,,,
Sumatera Selatan,Palembang,8ddc89b0-78c1-4be9-a9c0-07733d38c3ae,104.75,-2.96667,,,,,,,,,
Sumatera Selatan,Penukal Abab Lematang Ilir,aef2edc9-0277-4b51-880b-40a0494df04a,104.08722,-3.21342,,,,,,,,,
Sumatera Selatan,Prabumulih,8b137e64-ed21-45fd-b19d-f63b047cfa09,104.2229,-3.46202,,,,,,,,,
Sumatera Utara,Asahan,35a164b0-8e64-4d49-bd37-a8e7bd4b429d,99.56667,2.83333,,,,,,,,,
Sumatera Utara,Batu Bara,bc544212-a798-47f4-ac18-331646b9ae63,99.52652,3.16166,,,,,,,,,
Sumatera Utara,Binjai,fc6e8020-a4ac-435b-8327-caad5a68784b,98.48028,3.5986,,,,,,,,,
Sumatera Utara,Dairi,9ea3065f-b0cf-45fb-9b63-e7851d4ec2a1,98.26667,2.85,,,,,,,,,
Sumatera Utara,Deli Serdang,3a47657b-facc-45dc-9d7f-1c6fb25f49d4,98.7,3.43333,,,,,,,,,
Sumatera Utara,Gunungsitoli,b1d344c7-81ba-40ef-9f20-4f9559a73f21,97.55018,1.32731,,,,,,,,,
Sumatera Utara,Humbang Hasundutan,16e04c48-22d2-41a2-8efa-1cb1334794dc,98.50376,2.26551,,,,,,,,,
Sumatera Utara,Karo,c2abf78c-3cc1-4087-8e67-d4fce65cb7e3,98.3,3.1,,,,,,,,,
Sumatera Utara,Labuhan Batu,c6fa44ef-709b-4f34-8242-990b03c8c44c,100.1,2.26667,,,,,,,,,
Sumatera Utara,Labuhan Batu Selatan,d4016e22-955f-49ca-9b5b-bd50a7b4e05f,100.0976,1.983,,,,,,,,,
Sumatera Utara,Labuhan Batu Utara,acdd0313-101e-4afe-9cf9-fbcaae0ce041,99.63776,2.33349,,,,,,,,,
Sumatera Utara,Langkat,79b83343-b530-4d4a-90ed-c1efc1934d14,98.21972,3.68528,,,,,,,,,
Sumatera Utara,Mandailing Natal,6fe7a7fb-d2f1-480d-87a1-d6e9c1f4892a,99.25495,0.78378,,,,,,,,,
Sumatera Utara,Medan,a6f7a20f-7172-4436-a418-afc91020ba0f,98.66944,3.59333,,,,,,,,,
Sumatera Utara,Nias,99dd49e0-d3d2-4c79-a7a7-86534cb7f60f,97.73333,1.06667,,,,,,,,,
Sumatera Utara,Nias Barat,a1273d83-c477-42ac-8e65-f2219e9507ac,97.58606,1.05966,,,,,,,,,
Sumatera Utara,Nias Selatan,51b9db38-3d4e-41c1-9957-7295d2bca08f,97.75,0.77,,,,,,,,,
Sumatera Utara,Nias Utara,e9a422e4-8a73-44a7-aed2-38ecacb67fda,97.31964,1.33037,,,,,,,,,
Sumatera Utara,Padang Lawas,1161307c-2fd6-4beb-99d1-093dd3ee97e1,99.81136,1.15659,,,,,,,,,
Sumatera Utara,Padang Lawas Utara,30d7af4a-54fa-4f97-874c-3a0870a03b73,99.67346,1.46011,,,,,,,,,
Sumatera Utara,Padangsidimpuan,a43ee235-0a45-4d53-be12-c0381f432d91,99.26843,1.37375,,,,,,,,,
Sumatera Utara,Pakpak Bharat,d616b346-c2bb-4437-b22c-4076005e3daf,98.24056,2.55444,,,,,,,,,
Sumatera Utara,Pematang Siantar,78a5c2f7-51df-4c60-980b-4b2a3e23fb16,99.06667,2.96667,,,,,,,,,
Sumatera Utara,Samosir,1aa5c879-0d25-4406-8ef1-10493f1ef38b,98.71525,2.64025,,,,,,,,,
Sumatera Utara,Serdang Bedagai,ecd68ff7-eae0-4ea2-b59d-fc15a840e08b,99.08333,3.36667,,,,,,,,,
Sumatera Utara,Sibolga,d02383cd-1747-4c29-bee2-66d5e7f4c6cf,98.78694,1.74333,,,,,,,,,
Sumatera Utara,Simalungun,c87ff800-bf27-4d53-b065-987659ae45f4,98.96667,2.88333,,,,,,,,,
Sumatera Utara,Tanjung Balai,e5b5794f-6257-46f0-8ad5-4d6c0b87de0f,99.8,2.95,,,,,,,,,
Sumatera Utara,Tapanuli Selatan,334da0cf-c1b5-4923-8a8a-56fb725dc098,99.25,1.51667,,,,,,,,,
Sumatera Utara,Tapanuli Tengah,85e14a69-9522-442c-9318-4d346e4cdf12,98.66667,1.9,,,,,,,,,
Sumatera Utara,Tapanuli Utara,d4d61c55-2b57-4de1-8f06-a3e4c6945ffe,99.0707,2.0028,,,,,,,,,
Sumatera Utara,Tebing Tinggi,b0d186bc-8f9a-49fb-a2da-f3bc517cd2f1,99.14167,3.325,,,,,,,,,
Sumatera Utara,Toba Samosir,0353449a-7676-4740-bfed-95ff5b8f3dd2,99.21678,2.39793,,,,,,,,,